Id,Attrition
1,0.8624923000104547
2,0.8347001770392932
3,0.7559726718781636
4,0.82008837720083
5,0.7855441590711179
